{
  "end_time": "2026-01-04T20:11:22.228401",
  "starting_balance": 20.86,
  "final_balance": 21.903,
  "pnl": 1.0429999999999993,
  "wins": 1,
  "trades": []
}