{
  "run_params": {
    "start_ts": 1767510770.7749043,
    "end_ts": 1767510950.9098766,
    "duration_minutes": 3.002249538898468,
    "windows_sampled": 2,
    "total_ticks": 250
  },
  "book_stats": {
    "ask_sum": {
      "p50": 0.01,
      "p90": 1.01,
      "min": 0.01
    },
    "bid_sum": {
      "p50": 0.99,
      "p90": 0.99,
      "max": 1.0
    },
    "spread_up_cents": {
      "p50": -99.0,
      "p90": 1.0000000000000009
    },
    "spread_down_cents": {
      "p50": 1.0,
      "p90": 1.0000000000000009
    }
  },
  "feasibility_by_edge_floor": {
    "0.0%": {
      "edge_floor": 0.0,
      "edge_floor_pct": "0.0%",
      "samples": 250,
      "feasible_rate_up_first": 0.972,
      "feasible_rate_down_first": 0.972,
      "feasible_rate_avg": 0.972,
      "gap_up_first_cents": {
        "p50": -8.673617379884035e-16,
        "p90": 0.0,
        "p99": 0.9999999999999953
      },
      "gap_down_first_cents": {
        "p50": -100.0,
        "p90": 0.0,
        "p99": 1.0000000000000009
      }
    },
    "0.1%": {
      "edge_floor": 0.001,
      "edge_floor_pct": "0.1%",
      "samples": 250,
      "feasible_rate_up_first": 0.02,
      "feasible_rate_down_first": 0.736,
      "feasible_rate_avg": 0.378,
      "gap_up_first_cents": {
        "p50": 0.09999999999999923,
        "p90": 0.10000000000000009,
        "p99": 1.0999999999999954
      },
      "gap_down_first_cents": {
        "p50": -99.9,
        "p90": 0.10000000000000009,
        "p99": 1.100000000000001
      }
    },
    "0.2%": {
      "edge_floor": 0.002,
      "edge_floor_pct": "0.2%",
      "samples": 250,
      "feasible_rate_up_first": 0.02,
      "feasible_rate_down_first": 0.736,
      "feasible_rate_avg": 0.378,
      "gap_up_first_cents": {
        "p50": 0.19999999999999932,
        "p90": 0.20000000000000018,
        "p99": 1.1999999999999955
      },
      "gap_down_first_cents": {
        "p50": -99.8,
        "p90": 0.20000000000000018,
        "p99": 1.200000000000001
      }
    },
    "0.3%": {
      "edge_floor": 0.003,
      "edge_floor_pct": "0.3%",
      "samples": 250,
      "feasible_rate_up_first": 0.02,
      "feasible_rate_down_first": 0.736,
      "feasible_rate_avg": 0.378,
      "gap_up_first_cents": {
        "p50": 0.2999999999999994,
        "p90": 0.30000000000000027,
        "p99": 1.2999999999999956
      },
      "gap_down_first_cents": {
        "p50": -99.7,
        "p90": 0.30000000000000027,
        "p99": 1.3000000000000012
      }
    },
    "0.5%": {
      "edge_floor": 0.005,
      "edge_floor_pct": "0.5%",
      "samples": 250,
      "feasible_rate_up_first": 0.02,
      "feasible_rate_down_first": 0.736,
      "feasible_rate_avg": 0.378,
      "gap_up_first_cents": {
        "p50": 0.49999999999999956,
        "p90": 0.5000000000000004,
        "p99": 1.4999999999999958
      },
      "gap_down_first_cents": {
        "p50": -99.5,
        "p90": 0.5000000000000004,
        "p99": 1.5000000000000013
      }
    }
  }
}