{
  "run_params": {
    "start_ts": 1767515567.0938654,
    "end_ts": 1767515867.6755393,
    "duration_minutes": 5.009694564342499,
    "windows_sampled": 1,
    "total_ticks": 453
  },
  "book_stats": {
    "ask_sum": {
      "p50": 1.01,
      "p90": 1.02,
      "min": 0.99
    },
    "bid_sum": {
      "p50": 0.99,
      "p90": 0.99,
      "max": 1.0
    },
    "spread_up_cents": {
      "p50": 1.0000000000000009,
      "p90": 2.0000000000000018
    },
    "spread_down_cents": {
      "p50": 1.0000000000000009,
      "p90": 2.0000000000000004
    }
  },
  "feasibility_by_edge_floor": {
    "0.0%": {
      "edge_floor": 0.0,
      "edge_floor_pct": "0.0%",
      "samples": 453,
      "feasible_rate_up_first": 0.4481236203090508,
      "feasible_rate_down_first": 0.9359823399558499,
      "feasible_rate_avg": 0.6920529801324503,
      "gap_up_first_cents": {
        "p50": 1.3877787807814457e-15,
        "p90": 4.163336342344337e-15,
        "p99": 1.0000000000000022
      },
      "gap_down_first_cents": {
        "p50": 0.0,
        "p90": 0.0,
        "p99": 1.0000000000000009
      }
    },
    "0.1%": {
      "edge_floor": 0.001,
      "edge_floor_pct": "0.1%",
      "samples": 453,
      "feasible_rate_up_first": 0.05739514348785872,
      "feasible_rate_down_first": 0.03532008830022075,
      "feasible_rate_avg": 0.046357615894039736,
      "gap_up_first_cents": {
        "p50": 0.10000000000000148,
        "p90": 0.10000000000000425,
        "p99": 1.1000000000000023
      },
      "gap_down_first_cents": {
        "p50": 0.10000000000000009,
        "p90": 0.10000000000001119,
        "p99": 1.100000000000001
      }
    },
    "0.2%": {
      "edge_floor": 0.002,
      "edge_floor_pct": "0.2%",
      "samples": 453,
      "feasible_rate_up_first": 0.05739514348785872,
      "feasible_rate_down_first": 0.03532008830022075,
      "feasible_rate_avg": 0.046357615894039736,
      "gap_up_first_cents": {
        "p50": 0.20000000000000157,
        "p90": 0.20000000000000434,
        "p99": 1.2000000000000024
      },
      "gap_down_first_cents": {
        "p50": 0.20000000000000018,
        "p90": 0.20000000000000018,
        "p99": 1.200000000000001
      }
    },
    "0.3%": {
      "edge_floor": 0.003,
      "edge_floor_pct": "0.3%",
      "samples": 453,
      "feasible_rate_up_first": 0.05739514348785872,
      "feasible_rate_down_first": 0.03532008830022075,
      "feasible_rate_avg": 0.046357615894039736,
      "gap_up_first_cents": {
        "p50": 0.30000000000000165,
        "p90": 0.30000000000000443,
        "p99": 1.3000000000000025
      },
      "gap_down_first_cents": {
        "p50": 0.30000000000000027,
        "p90": 0.30000000000001137,
        "p99": 1.3000000000000012
      }
    },
    "0.5%": {
      "edge_floor": 0.005,
      "edge_floor_pct": "0.5%",
      "samples": 453,
      "feasible_rate_up_first": 0.05739514348785872,
      "feasible_rate_down_first": 0.03532008830022075,
      "feasible_rate_avg": 0.046357615894039736,
      "gap_up_first_cents": {
        "p50": 0.5000000000000018,
        "p90": 0.5000000000000047,
        "p99": 1.5000000000000027
      },
      "gap_down_first_cents": {
        "p50": 0.5000000000000004,
        "p90": 0.5000000000000115,
        "p99": 1.5000000000000013
      }
    }
  }
}