{
  "run_params": {
    "start_ts": 1767515410.9810183,
    "end_ts": 1767516011.38026,
    "duration_minutes": 10.006654028097788,
    "windows_sampled": 1,
    "total_ticks": 875
  },
  "book_stats": {
    "ask_sum": {
      "p50": 1.01,
      "p90": 1.02,
      "min": 0.99
    },
    "bid_sum": {
      "p50": 0.99,
      "p90": 0.99,
      "max": 1.01
    },
    "spread_up_cents": {
      "p50": 1.0000000000000009,
      "p90": 2.0000000000000018
    },
    "spread_down_cents": {
      "p50": 1.0000000000000009,
      "p90": 2.0000000000000004
    }
  },
  "feasibility_by_edge_floor": {
    "0.0%": {
      "edge_floor": 0.0,
      "edge_floor_pct": "0.0%",
      "samples": 875,
      "feasible_rate_up_first": 0.6045714285714285,
      "feasible_rate_down_first": 0.9177142857142857,
      "feasible_rate_avg": 0.7611428571428571,
      "gap_up_first_cents": {
        "p50": 0.0,
        "p90": 5.551115123125783e-15,
        "p99": 1.000000000000005
      },
      "gap_down_first_cents": {
        "p50": 0.0,
        "p90": 0.0,
        "p99": 1.0000000000000009
      }
    },
    "0.1%": {
      "edge_floor": 0.001,
      "edge_floor_pct": "0.1%",
      "samples": 875,
      "feasible_rate_up_first": 0.056,
      "feasible_rate_down_first": 0.04228571428571429,
      "feasible_rate_avg": 0.04914285714285714,
      "gap_up_first_cents": {
        "p50": 0.10000000000000009,
        "p90": 0.10000000000000564,
        "p99": 1.1000000000000052
      },
      "gap_down_first_cents": {
        "p50": 0.10000000000000009,
        "p90": 0.10000000000000009,
        "p99": 1.100000000000001
      }
    },
    "0.2%": {
      "edge_floor": 0.002,
      "edge_floor_pct": "0.2%",
      "samples": 875,
      "feasible_rate_up_first": 0.056,
      "feasible_rate_down_first": 0.04228571428571429,
      "feasible_rate_avg": 0.04914285714285714,
      "gap_up_first_cents": {
        "p50": 0.20000000000000018,
        "p90": 0.20000000000000573,
        "p99": 1.2000000000000053
      },
      "gap_down_first_cents": {
        "p50": 0.20000000000000018,
        "p90": 0.20000000000000018,
        "p99": 1.200000000000001
      }
    },
    "0.3%": {
      "edge_floor": 0.003,
      "edge_floor_pct": "0.3%",
      "samples": 875,
      "feasible_rate_up_first": 0.056,
      "feasible_rate_down_first": 0.04228571428571429,
      "feasible_rate_avg": 0.04914285714285714,
      "gap_up_first_cents": {
        "p50": 0.30000000000000027,
        "p90": 0.3000000000000058,
        "p99": 1.3000000000000054
      },
      "gap_down_first_cents": {
        "p50": 0.30000000000000027,
        "p90": 0.30000000000000027,
        "p99": 1.3000000000000012
      }
    },
    "0.5%": {
      "edge_floor": 0.005,
      "edge_floor_pct": "0.5%",
      "samples": 875,
      "feasible_rate_up_first": 0.056,
      "feasible_rate_down_first": 0.04228571428571429,
      "feasible_rate_avg": 0.04914285714285714,
      "gap_up_first_cents": {
        "p50": 0.5000000000000004,
        "p90": 0.500000000000006,
        "p99": 1.5000000000000056
      },
      "gap_down_first_cents": {
        "p50": 0.5000000000000004,
        "p90": 0.5000000000000004,
        "p99": 1.5000000000000013
      }
    }
  }
}