{
  "run_params": {
    "start_ts": 1767511282.4008934,
    "end_ts": 1767511582.8808467,
    "duration_minutes": 5.007999221483867,
    "windows_sampled": 1,
    "total_ticks": 414
  },
  "book_stats": {
    "ask_sum": {
      "p50": 1.01,
      "p90": 1.02,
      "min": 0.96
    },
    "bid_sum": {
      "p50": 0.99,
      "p90": 0.99,
      "max": 1.04
    },
    "spread_up_cents": {
      "p50": 1.0000000000000009,
      "p90": 2.0000000000000018
    },
    "spread_down_cents": {
      "p50": 1.0000000000000009,
      "p90": 2.0000000000000018
    }
  },
  "feasibility_by_edge_floor": {
    "0.0%": {
      "edge_floor": 0.0,
      "edge_floor_pct": "0.0%",
      "samples": 414,
      "feasible_rate_up_first": 0.7584541062801933,
      "feasible_rate_down_first": 0.678743961352657,
      "feasible_rate_avg": 0.7185990338164252,
      "gap_up_first_cents": {
        "p50": 0.0,
        "p90": 0.9999999999999898,
        "p99": 1.000000000000012
      },
      "gap_down_first_cents": {
        "p50": 0.0,
        "p90": 0.9999999999999981,
        "p99": 1.9999999999999991
      }
    },
    "0.1%": {
      "edge_floor": 0.001,
      "edge_floor_pct": "0.1%",
      "samples": 414,
      "feasible_rate_up_first": 0.09420289855072464,
      "feasible_rate_down_first": 0.10628019323671498,
      "feasible_rate_avg": 0.10024154589371981,
      "gap_up_first_cents": {
        "p50": 0.10000000000000009,
        "p90": 1.0999999999999954,
        "p99": 1.100000000000001
      },
      "gap_down_first_cents": {
        "p50": 0.10000000000000009,
        "p90": 1.100000000000001,
        "p99": 2.099999999999999
      }
    },
    "0.2%": {
      "edge_floor": 0.002,
      "edge_floor_pct": "0.2%",
      "samples": 414,
      "feasible_rate_up_first": 0.09420289855072464,
      "feasible_rate_down_first": 0.10628019323671498,
      "feasible_rate_avg": 0.10024154589371981,
      "gap_up_first_cents": {
        "p50": 0.20000000000000018,
        "p90": 1.19999999999999,
        "p99": 1.2000000000000122
      },
      "gap_down_first_cents": {
        "p50": 0.20000000000000018,
        "p90": 1.1999999999999984,
        "p99": 2.1999999999999993
      }
    },
    "0.3%": {
      "edge_floor": 0.003,
      "edge_floor_pct": "0.3%",
      "samples": 414,
      "feasible_rate_up_first": 0.09420289855072464,
      "feasible_rate_down_first": 0.10628019323671498,
      "feasible_rate_avg": 0.10024154589371981,
      "gap_up_first_cents": {
        "p50": 0.30000000000000027,
        "p90": 1.2999999999999956,
        "p99": 1.3000000000000012
      },
      "gap_down_first_cents": {
        "p50": 0.30000000000000027,
        "p90": 1.3000000000000012,
        "p99": 2.2999999999999994
      }
    },
    "0.5%": {
      "edge_floor": 0.005,
      "edge_floor_pct": "0.5%",
      "samples": 414,
      "feasible_rate_up_first": 0.09420289855072464,
      "feasible_rate_down_first": 0.10628019323671498,
      "feasible_rate_avg": 0.10024154589371981,
      "gap_up_first_cents": {
        "p50": 0.5000000000000004,
        "p90": 1.4999999999999958,
        "p99": 1.5000000000000013
      },
      "gap_down_first_cents": {
        "p50": 0.5000000000000004,
        "p90": 1.5000000000000013,
        "p99": 2.4999999999999996
      }
    }
  }
}